id,item,keyword,latitude,longitude,ipv4
1,systemic,Books,24.4134523843,77.2598638679,220.45.42.113
2,orchestration,Shoes,17.4050354665,77.2799555409,118.94.105.221
3,focus group,Kids,32.5570558997,74.3703995458,26.85.240.66
4,user-facing,Sports,17.0163541819,88.9297656187,38.19.150.116
5,clear-thinking,Tools,22.0349020726,85.7613618423,225.219.30.199
6,regional,Grocery,19.5154832173,80.6598084624,33.49.65.223
7,zero administration,Games,11.5174383865,82.8544619176,87.196.84.156
8,Balanced,Music,32.8198938424,90.6240053139,100.67.233.158
9,zero administration,Garden,33.8061384275,94.4612402854,108.49.145.112
10,Reverse-engineered,Books,24.829888604,86.7264907221,94.34.129.251
11,Proactive,Kids,24.2668214452,75.4357979181,65.163.59.83
12,Adaptive,Sports,20.2889707033,90.3140166882,102.51.190.223
13,access,Movies,32.5033034528,81.3560289984,79.237.113.65
14,forecast,Kids,17.6755194281,94.9952499761,15.65.246.123
15,24/7,Outdoors,16.8310476066,77.0497557418,60.253.30.232
16,instruction set,Automotive,10.0352791345,88.0175356044,94.181.150.120
17,concept,Health,25.7950735293,84.4660011619,221.249.233.167
18,24/7,Garden,33.8014937007,74.4123023661,102.91.170.73
19,help-desk,Industrial,23.4339117974,81.2053763737,202.237.197.26
20,analyzer,Garden,24.3097288916,79.7135685011,181.31.53.39
21,mission-critical,Outdoors,32.1878798524,77.8333566944,247.81.202.57
22,Automated,Movies,27.2746172298,93.117480486,243.124.44.195
23,content-based,Garden,34.8158324801,78.6277979971,202.121.193.82
24,neutral,Electronics,27.4922122554,96.2532603042,173.31.43.173
25,productivity,Kids,26.1561156794,75.7939227455,38.128.211.130
26,upward-trending,Grocery,37.4200307263,83.6610220161,228.117.13.119
27,Virtual,Music,8.567869623,94.4046680627,137.25.141.222
28,grid-enabled,Health,11.6039838344,87.7995344653,50.234.122.206
29,dynamic,Automotive,14.4303303255,74.2590707812,166.80.224.203
30,Pre-emptive,Books,32.8446635894,91.4855265204,138.249.41.30
31,functionalities,Automotive,35.0448974141,96.1821644288,122.186.123.190
32,Customer-focused,Garden,28.2452125233,96.2246129394,38.184.34.1
33,Sharable,Games,10.3305852872,70.9484471889,42.85.90.18
34,Automated,Health,32.2040011319,74.5959789004,141.11.127.62
35,artificial intelligence,Shoes,22.3638330451,81.8116779562,128.0.216.243
36,empowering,Electronics,19.0532090982,81.7704035898,151.252.141.251
37,Stand-alone,Garden,37.3512736535,91.1752643538,38.17.19.41
38,installation,Sports,37.053417775,73.0176050506,100.135.168.78
39,bottom-line,Grocery,11.1384687649,82.9457295518,129.105.60.34
40,Balanced,Outdoors,10.9008624781,86.5856702941,33.206.26.4
41,Adaptive,Garden,15.4951007066,73.1080796333,137.189.156.229
42,24 hour,Electronics,16.7347285879,91.9386427515,153.138.177.199
43,Pre-emptive,Kids,30.7458351867,88.3952729957,39.188.63.200
44,real-time,Outdoors,16.7684258258,81.2821540563,235.154.111.27
45,Business-focused,Shoes,25.0609163682,96.3252491067,227.21.48.206
46,Exclusive,Industrial,25.1387574807,95.8508613416,86.85.29.230
47,systematic,Clothing,31.2928852089,82.0257085482,6.14.130.79
48,background,Baby,28.2102259423,81.9440619185,96.223.136.33
49,Focused,Home,37.3857380356,84.8183781864,246.97.54.152
50,coherent,Games,24.3587250124,89.3888979008,74.246.202.134
51,Inverse,Industrial,20.5686303763,69.2389330648,230.224.136.18
52,parallelism,Clothing,26.805621789,71.4806556926,21.229.153.194
53,Graphical User Interface,Garden,18.0137814586,91.2734312493,230.82.244.148
54,alliance,Grocery,32.6283247662,72.1519668081,176.149.247.173
55,info-mediaries,Baby,8.7317891938,92.6505110277,17.211.82.239
56,Horizontal,Sports,8.944407253,88.6407309957,36.247.237.41
57,leverage,Clothing,8.8290179148,69.4372571463,248.9.145.195
58,Face to face,Toys,29.984704636,80.1249774761,152.223.10.47
59,Inverse,Music,16.1031902889,88.9984303212,218.125.177.95
60,frame,Books,28.3331774462,72.7720465081,202.196.220.133
61,ability,Outdoors,21.6805331298,87.7491300629,108.213.90.195
62,national,Garden,8.5634070073,85.9535080453,70.172.168.126
63,Operative,Computers,32.905143352,76.5890160558,239.127.18.185
64,content-based,Kids,30.2738064366,90.0161117001,124.104.128.157
65,asynchronous,Grocery,8.6832067781,83.4920383549,196.87.73.210
66,leverage,Home,13.0399369059,78.2844052504,227.133.182.45
67,24 hour,Tools,28.1764865062,76.3788650226,147.96.149.79
68,Optimized,Beauty,19.0090748682,94.4616100036,62.249.248.243
69,Function-based,Sports,24.7207719093,70.3087272721,217.50.173.117
70,Face to face,Baby,34.8343534574,71.9615903878,107.15.1.126
71,Advanced,Industrial,12.1806292516,94.1862109264,95.83.124.98
72,Multi-tiered,Computers,23.8630567685,94.1477827828,148.109.94.225
73,system-worthy,Beauty,34.5983015138,92.0216042929,34.99.172.124
74,implementation,Music,13.125445809,82.7640456256,28.167.5.66
75,hybrid,Automotive,20.5423633115,89.8434487817,132.94.15.0
76,forecast,Computers,36.8531720496,85.1098968458,242.144.50.182
77,high-level,Clothing,29.1709378367,72.6433686042,81.184.23.185
78,infrastructure,Movies,25.574510238,92.3658870652,56.63.78.100
79,Progressive,Home,24.3778837282,91.0073762017,29.179.104.34
80,extranet,Clothing,18.7035961127,73.3088295909,230.106.85.246
81,functionalities,Health,26.860101146,94.6826393569,48.163.99.167
82,leverage,Electronics,16.9879350088,95.9896275368,21.105.155.26
83,instruction set,Shoes,19.7502820419,95.7683991267,59.38.104.10
84,Adaptive,Grocery,29.2455939994,77.1558061715,214.134.18.17
85,structure,Computers,33.618433462,96.9603777296,90.151.201.190
86,help-desk,Electronics,16.9635178367,73.7429235944,4.142.101.244
87,tertiary,Home,13.7815550412,85.6687595507,101.211.60.240
88,client-server,Shoes,18.4421422717,94.8122217272,225.7.222.224
89,local area network,Books,22.4947813878,79.2182840743,41.252.126.229
90,modular,Books,33.2302562392,92.5857362931,31.154.181.21
91,5th generation,Books,21.0656945203,85.7416540061,196.40.59.241
92,Pre-emptive,Toys,11.3006270567,81.1233499634,103.144.129.54
93,User-friendly,Clothing,33.7415654974,85.0610733586,123.215.45.246
94,Automated,Garden,19.1041696942,74.1114378666,227.208.11.147
95,intranet,Home,15.0598712036,89.0695334921,152.54.218.71
96,synergy,Garden,26.5158246485,87.4330158087,76.165.124.25
97,Sharable,Computers,12.6760145263,70.4432682433,175.106.181.169
98,object-oriented,Movies,36.5462129175,80.2438640341,200.97.23.254
99,static,Toys,21.933922725,79.6316024139,208.171.228.165
100,Digitized,Baby,37.5493062287,92.2104422648,128.137.251.95
101,6th generation,Movies,19.0700416714,93.3633960656,173.251.103.22
102,directional,Games,16.233038605,84.9009694403,201.114.196.70
103,intangible,Shoes,27.5483475913,75.7335474275,27.220.244.72
104,Innovative,Clothing,31.6268694823,69.9966881067,51.127.23.67
105,systemic,Automotive,24.680527281,88.146587677,222.250.66.1
106,utilisation,Home,22.6272962605,80.1927620636,155.145.176.111
107,budgetary management,Toys,26.791030563,80.2545323576,124.216.109.112
108,conglomeration,Jewelery,11.4448103018,81.5967583232,164.86.190.95
109,Grass-roots,Health,9.1875929157,95.620537288,198.94.123.254
110,ability,Baby,25.4639161933,90.086049234,188.11.79.177
111,Enhanced,Tools,37.3379128388,90.7993721184,220.143.144.172
112,encryption,Movies,20.3634246146,82.1300719994,158.116.101.111
113,Cloned,Automotive,8.8749591527,71.7956043226,166.191.24.211
114,4th generation,Music,32.8737235476,77.533803775,184.195.62.133
115,info-mediaries,Computers,16.05832673,80.4617348078,4.196.127.61
116,Automated,Jewelery,29.3241366972,77.5590636646,249.50.218.103
117,paradigm,Garden,27.0411587362,89.8014627806,60.117.115.111
118,Monitored,Clothing,18.1276545152,89.3225998884,125.233.147.55
119,Organized,Electronics,12.1041948897,86.6216882296,118.253.129.84
120,Graphical User Interface,Sports,19.3865914648,85.8949280478,203.109.159.128
121,Fundamental,Sports,27.3462222865,92.0621118592,105.132.97.223
122,heuristic,Jewelery,31.6648130025,73.6211227724,188.36.217.91
123,infrastructure,Industrial,13.8535162001,69.5695766222,77.185.155.31
124,Stand-alone,Electronics,16.4477373339,72.2127462544,8.115.78.108
125,Fundamental,Tools,16.9218182356,75.089566391,101.254.197.233
126,Re-engineered,Grocery,11.0056347171,74.6716754286,129.36.230.183
127,maximized,Automotive,21.8478064049,74.0114626423,176.174.240.182
128,Optional,Clothing,37.2604041707,93.0914136448,190.164.193.7
129,fault-tolerant,Tools,25.3962731245,69.2635199223,23.221.221.30
130,Profit-focused,Grocery,10.7268273917,89.8793818399,74.255.27.35
131,circuit,Games,31.9007915021,96.0225104213,10.96.52.144
132,methodical,Sports,18.2057089122,78.7154597394,146.130.52.243
133,Function-based,Kids,21.1575347199,84.7696475364,155.76.210.166
134,incremental,Beauty,12.8055369977,86.6300394548,47.74.146.251
135,leverage,Outdoors,11.6439103612,83.2424739377,85.33.132.160
136,concept,Games,13.5845472782,93.5172385786,98.245.7.34
137,Graphic Interface,Grocery,23.3983429595,93.046239602,173.137.179.67
138,neural-net,Grocery,34.0020987724,91.98959566,207.115.143.211
139,Inverse,Electronics,29.8520488747,78.4779491336,197.246.78.42
140,content-based,Jewelery,33.677518812,70.9533700521,183.190.241.151
141,Upgradable,Toys,30.9168320399,69.1416302375,35.74.152.52
142,Synergized,Computers,36.3997112506,91.9521297454,144.200.157.219
143,scalable,Shoes,13.0203763602,75.9783686708,194.128.75.245
144,Proactive,Electronics,25.2179252695,88.1924251664,7.136.81.90
145,Organized,Sports,30.9202852291,93.0831397518,15.111.54.65
146,Compatible,Electronics,12.1233174874,78.1269827919,254.68.166.24
147,Innovative,Clothing,23.9250669612,71.0874579863,1.115.157.183
148,Decentralized,Outdoors,24.8322608921,92.9179126499,46.75.32.201
149,infrastructure,Music,19.0591137764,84.7010716825,228.248.83.79
150,hybrid,Industrial,18.402985338,81.2333954493,128.169.216.8
151,approach,Toys,12.5005868479,75.3634878806,49.84.1.149
152,fault-tolerant,Electronics,24.7126706335,72.1517879216,148.109.59.18
153,Ergonomic,Kids,16.1114565466,84.9195812522,151.22.169.18
154,neutral,Books,10.0130578071,79.4120358479,46.156.71.131
155,Optional,Baby,18.8629187702,95.3333433144,105.21.58.109
156,responsive,Health,21.4307176921,75.7714234573,30.173.210.254
157,Fundamental,Baby,31.8636444688,94.6761675337,32.57.38.95
158,systemic,Shoes,9.5257794034,91.7660278052,12.92.121.216
159,stable,Books,20.8102784226,95.2898905549,188.209.243.1
160,standardization,Grocery,15.1550212962,92.8688369939,109.15.71.33
161,Customer-focused,Health,32.8787168654,93.3888947387,140.45.137.187
162,system-worthy,Beauty,23.0772687492,85.1600145947,209.209.53.27
163,didactic,Beauty,30.1550336505,81.8264330159,172.236.155.184
164,process improvement,Home,9.4380226522,80.4674090618,183.17.198.214
165,moderator,Music,27.3960264772,86.8727386139,183.208.94.83
166,context-sensitive,Beauty,26.5894393853,92.61609816,240.108.201.83
167,benchmark,Garden,33.2283957522,86.3468961403,97.139.207.13
168,Cross-group,Electronics,35.4760993683,92.6358704698,248.143.227.213
169,Centralized,Jewelery,27.3256435224,82.3182127238,86.182.167.121
170,zero defect,Shoes,26.1806339474,88.3564039796,74.97.210.147
171,national,Health,14.1302212573,70.3666960929,238.31.108.57
172,productivity,Automotive,34.7339088654,84.0087343507,110.81.8.84
173,help-desk,Baby,17.3353188455,81.5065347161,250.9.78.32
174,directional,Outdoors,17.9341027382,82.5388682264,156.184.67.12
175,Future-proofed,Health,33.2762481356,75.3926168033,3.49.249.79
176,non-volatile,Home,14.9173468483,68.7307663783,171.176.215.84
177,Centralized,Jewelery,17.0838905314,84.7329254716,87.53.199.172
178,customer loyalty,Music,25.7641288218,81.8889946195,199.132.254.25
179,Optional,Garden,36.70287268,89.2301167302,110.115.122.242
180,Graphical User Interface,Computers,11.7411950405,86.9522820804,94.160.77.161
181,client-server,Tools,36.0681980749,89.680465403,250.133.99.132
182,foreground,Garden,25.9734249228,83.6823343842,123.42.232.71
183,Streamlined,Shoes,20.6943326552,73.3493463399,215.182.155.18
184,Implemented,Games,16.3484252535,94.7935483957,80.187.213.15
185,object-oriented,Movies,36.3404044889,92.0983720144,82.70.58.16
186,service-desk,Grocery,17.5360581358,96.8004614238,160.93.60.50
187,Public-key,Movies,13.4722041549,85.0106897067,99.150.199.128
188,Object-based,Electronics,34.6359997055,78.7331982029,144.167.179.5
189,capability,Music,33.3342037661,71.4575538195,46.91.40.54
190,hybrid,Clothing,36.8395429403,93.869521039,164.150.205.37
191,complexity,Music,30.5872996356,83.2304584553,207.209.105.83
192,Multi-lateral,Movies,37.2212094212,77.3720939016,9.148.10.24
193,Advanced,Sports,29.8814735062,87.0189920573,22.33.94.137
194,Team-oriented,Books,33.5040130647,73.0688173276,111.242.97.139
195,Universal,Automotive,9.7760589495,90.040749605,223.52.240.221
196,Object-based,Automotive,22.4128784545,74.9550897396,157.183.104.106
197,service-desk,Kids,19.4942611525,71.8531351345,149.117.36.153
198,artificial intelligence,Books,30.5684679913,68.8499764411,118.47.55.206
199,Adaptive,Home,33.0947492225,93.4765439259,239.39.126.31
200,Object-based,Movies,9.9874674475,95.0039496295,30.119.16.212
201,Extended,Clothing,17.2027526069,74.4244190688,45.154.245.147
202,empowering,Sports,23.3435011334,92.7515409551,39.205.95.54
203,analyzing,Baby,33.1582489542,86.1758438468,58.106.46.100
204,Synergized,Computers,31.7844249026,91.0385888258,226.175.157.65
205,groupware,Music,34.3430959974,88.2742433574,47.168.215.67
206,approach,Games,28.9899442493,83.9977662539,90.157.65.207
207,systemic,Industrial,11.2445905953,89.2501506784,3.56.152.138
208,protocol,Automotive,10.310940175,76.0494350649,190.34.239.176
209,Proactive,Books,10.3566824777,94.7741020129,199.209.228.200
210,Future-proofed,Shoes,11.4884098512,70.3353613348,97.135.117.253
211,clear-thinking,Shoes,17.7413459147,74.9765173611,30.17.128.149
212,Profound,Health,22.9336694384,81.6441193604,109.252.95.232
213,Visionary,Books,35.3028538551,83.3989137928,127.130.30.161
214,Phased,Games,22.2956222273,81.865945779,179.127.96.252
215,Implemented,Jewelery,37.3756887396,76.0803328142,228.84.211.36
216,Self-enabling,Garden,29.6398714528,79.7770355836,25.90.221.165
217,interface,Movies,26.5899086217,96.899028299,64.228.241.31
218,Monitored,Toys,26.7730955076,93.1725575136,162.217.137.91
219,Integrated,Health,18.3422954084,95.8590647241,244.93.241.111
220,context-sensitive,Movies,29.6652994518,92.9447343822,109.212.136.136
221,Exclusive,Health,13.1668185502,90.7225952659,214.239.227.103
222,internet solution,Baby,13.196019889,78.7902658329,246.235.219.21
223,superstructure,Baby,10.196656763,80.7189358749,193.20.84.134
224,secured line,Beauty,30.8760562246,74.324584973,36.219.229.35
225,actuating,Outdoors,11.0127182136,83.357998852,122.58.69.11
226,interface,Books,33.9921038904,74.920505931,203.141.71.247
227,Fundamental,Tools,30.530688897,77.840891774,7.11.157.217
228,Ameliorated,Garden,26.8385078866,70.7992843191,183.165.246.203
229,fresh-thinking,Books,35.9251656461,75.7767393681,161.4.232.82
230,info-mediaries,Shoes,32.0344163112,74.948720598,79.72.130.181
231,architecture,Sports,15.0682030295,83.2160157651,121.205.7.128
232,software,Sports,10.515524919,81.6504658094,127.225.7.158
233,Extended,Industrial,29.9179459721,70.5100898774,18.70.120.33
234,capacity,Beauty,16.7322877313,93.3538211925,166.117.167.123
235,radical,Electronics,10.844931597,81.7397155287,165.168.53.85
236,mission-critical,Movies,9.564630219,70.5098193643,241.16.253.169
237,Decentralized,Garden,25.3091498449,88.442683675,47.141.81.132
238,hybrid,Shoes,14.0986273723,85.6460162285,55.119.184.208
239,Fully-configurable,Electronics,15.5659201835,80.8678927802,232.131.67.85
240,Virtual,Electronics,34.4404774811,84.5082973793,168.228.15.54
241,projection,Music,37.3263934735,96.6264027557,161.87.235.235
242,leading edge,Sports,34.3320123285,85.9749242076,141.205.35.204
243,Team-oriented,Computers,9.7925374569,91.2311536513,72.157.69.147
244,Upgradable,Outdoors,35.2834801902,92.2134762289,139.100.116.28
245,homogeneous,Clothing,15.0488368277,78.927661916,173.206.176.115
246,Focused,Beauty,14.0614833936,76.1737891443,247.174.229.186
247,Front-line,Grocery,20.0867731235,88.4597679222,167.175.22.174
248,multi-state,Games,9.2282681457,72.6655692189,9.245.75.148
249,tangible,Movies,21.7764280393,88.544111961,111.149.177.164
250,function,Music,34.0679569918,78.0078714442,103.231.241.35
251,asynchronous,Outdoors,29.1435334909,85.5948659465,34.210.154.48
252,empowering,Outdoors,29.7131221734,86.0595714266,21.97.198.72
253,well-modulated,Beauty,15.6156884736,91.541209426,76.229.184.110
254,hierarchy,Home,32.5686747659,69.7441630755,241.70.231.215
255,flexibility,Movies,34.1325949261,76.9795099075,166.246.73.68
256,tangible,Electronics,27.0073201156,92.6306019528,54.89.128.223
257,Streamlined,Industrial,11.8447918953,75.4675749129,74.110.62.92
258,Focused,Health,29.5122042875,81.1118704106,83.192.46.99
259,open system,Home,19.2051203432,94.7678028446,202.101.5.217
260,high-level,Books,35.5297963566,85.5403147269,222.217.50.142
261,local area network,Industrial,26.368560831,93.2824753399,185.136.97.192
262,portal,Clothing,29.214090771,80.7479501361,36.214.128.65
263,Customizable,Sports,27.407732867,86.5413088066,80.46.66.92
264,fresh-thinking,Sports,20.2226003707,73.048547562,38.31.75.194
265,composite,Beauty,24.0815225258,75.2390485001,49.29.180.189
266,optimizing,Home,21.054987878,93.2669870999,30.58.11.243
267,circuit,Beauty,21.7302503209,70.0729766103,61.218.92.100
268,fault-tolerant,Movies,22.4368947785,69.1343914849,85.135.36.24
269,6th generation,Industrial,31.3770096571,89.1076470672,87.34.112.56
270,project,Baby,27.9298806112,84.1089274192,209.93.97.44
271,Graphic Interface,Shoes,18.5497726085,85.9097068123,178.77.242.121
272,hub,Jewelery,11.5316486942,74.4790514947,13.237.56.196
273,array,Home,29.2198712242,91.5901697386,155.130.90.223
274,homogeneous,Outdoors,30.3278953187,69.6565343574,48.255.230.227
275,workforce,Tools,24.4185036221,71.205736312,114.200.158.17
276,Expanded,Games,28.0306720296,92.1325561958,243.206.40.146
277,intranet,Shoes,33.3050169253,81.2035956054,117.227.187.34
278,toolset,Books,31.9226448723,86.0013612436,121.134.168.82
279,Profound,Baby,23.8947369113,72.3098576262,58.201.208.1
280,Organic,Home,15.1974927754,85.6619606998,151.128.60.7
281,Integrated,Electronics,14.6993727957,79.0232207644,164.138.94.166
282,impactful,Garden,14.3206347074,70.0363611436,219.74.98.77
283,software,Outdoors,28.9623813794,95.5597646871,16.233.105.175
284,definition,Computers,22.6041597591,74.1278541335,44.225.168.137
285,capacity,Shoes,13.3263746111,92.8425601958,33.236.0.201
286,Right-sized,Electronics,9.6763650157,88.0732243863,122.179.151.69
287,user-facing,Home,18.3513176249,91.1336579764,216.145.60.2
288,encryption,Toys,9.243008048,78.4441159249,4.229.180.214
289,5th generation,Clothing,20.036353587,72.9865179714,148.189.42.154
290,Configurable,Movies,11.7910122124,94.2351213525,38.250.186.176
291,Synergized,Grocery,23.3857619411,72.8041121548,59.67.215.238
292,moratorium,Jewelery,24.3671148162,73.8292144647,230.145.204.133
293,Reverse-engineered,Outdoors,35.7556069935,84.8768803947,254.168.61.81
294,Function-based,Electronics,36.4993136763,84.0774833889,59.124.191.141
295,hybrid,Beauty,16.706111797,75.1291377288,156.237.102.150
296,Future-proofed,Shoes,30.6070708972,95.21890215,113.78.25.205
297,intermediate,Kids,37.5468335455,80.9724434958,50.246.41.127
298,Stand-alone,Jewelery,10.3028894849,85.5168982605,213.107.34.18
299,Graphical User Interface,Sports,8.8324812251,70.4182601151,13.16.233.198
300,Front-line,Computers,29.2385772506,93.1842285505,45.178.251.74
301,Devolved,Baby,10.4033898503,69.2392209057,182.90.46.95
302,array,Industrial,25.587520495,72.5859493449,131.224.181.146
303,web-enabled,Health,15.8913031549,86.9576641711,107.164.164.127
304,Synergized,Clothing,34.1072869298,79.0590896549,112.187.187.61
305,Cross-platform,Sports,26.8776431475,96.1755752491,239.92.117.101
306,middleware,Kids,35.9895734105,70.8455253287,126.208.107.168
307,Phased,Automotive,27.4860350248,81.6650453507,94.226.182.14
308,leading edge,Baby,36.4552698619,80.6488277498,165.182.163.193
309,process improvement,Grocery,16.1568047705,89.0110260207,17.18.115.91
310,optimal,Music,23.2083163054,87.0223417439,159.161.239.179
311,alliance,Toys,10.2672653358,76.9680933451,95.223.111.98
312,open architecture,Grocery,12.6082129504,86.9403486322,244.194.49.93
313,Down-sized,Sports,16.0824474522,81.0151495098,82.98.154.43
314,methodology,Movies,21.2432078572,82.6864496781,178.59.142.66
315,multi-state,Tools,21.9684677759,96.2411754455,197.117.202.30
316,4th generation,Outdoors,9.2753861935,95.027607202,170.105.176.176
317,context-sensitive,Industrial,36.5750514458,83.4945598599,195.39.204.188
318,Compatible,Electronics,17.4610537554,89.3475265199,16.8.102.40
319,Advanced,Outdoors,11.08036919,77.0004879756,91.94.245.141
320,background,Garden,33.836933786,74.0771393592,234.214.86.160
321,Down-sized,Tools,20.8290680225,73.4657550112,110.11.83.133
322,methodology,Grocery,17.0928950514,96.5872980774,152.176.238.19
323,Organic,Kids,26.4972236943,76.965635393,76.144.112.98
324,human-resource,Tools,28.7107677145,95.8044384076,202.48.185.170
325,local area network,Industrial,25.7268944851,91.876519679,228.226.201.24
326,Upgradable,Sports,12.5185705228,84.4780409286,38.130.119.152
327,Fundamental,Jewelery,19.4841128314,84.2866829353,138.108.237.118
328,Expanded,Outdoors,34.8398641889,77.6906952338,203.36.170.50
329,tangible,Games,17.5557637574,71.6914670242,172.230.53.230
330,Re-engineered,Games,20.7830373951,78.6731714915,127.217.121.52
331,Synchronised,Garden,34.9142704874,90.5115677013,79.33.177.130
332,algorithm,Shoes,30.1960160943,96.9539413713,160.55.213.42
333,groupware,Garden,15.2205699091,96.0665582404,122.70.92.140
334,infrastructure,Home,12.1221034334,70.0049565805,39.190.102.252
335,interactive,Shoes,16.5320396234,73.0673206502,29.139.98.195
336,Business-focused,Automotive,12.5410104551,84.8683115686,24.113.191.4
337,circuit,Shoes,31.7767630052,74.0020273518,3.73.243.19
338,database,Home,32.4957805469,96.669218235,84.124.114.145
339,definition,Outdoors,16.9775870507,79.4053347745,182.251.135.90
340,matrix,Music,15.8756829467,82.3292296797,221.240.202.118
341,holistic,Tools,22.2975054969,85.9388630319,109.190.28.179
342,Stand-alone,Baby,23.0627336824,86.1744667399,205.76.77.236
343,support,Kids,37.2019968502,76.4375199462,255.122.86.44
344,client-server,Baby,11.5648590646,72.1463793852,4.62.72.23
345,service-desk,Books,36.1046121182,93.1400231897,230.199.78.121
346,static,Garden,32.8692828099,93.8632314379,138.218.87.197
347,framework,Games,26.4502405237,75.8730860511,187.123.86.114
348,knowledge base,Jewelery,26.9330283292,83.005306817,140.7.40.29
349,Right-sized,Toys,31.6673992832,92.5069586968,37.219.109.96
350,Balanced,Sports,29.7333659563,77.8442644344,220.97.102.135
351,solution,Garden,18.1362186427,94.7105457172,212.198.0.92
352,Down-sized,Shoes,35.4348742093,77.3398501367,106.194.151.234
353,attitude-oriented,Jewelery,11.6987151906,86.8356761333,125.201.204.125
354,help-desk,Industrial,11.6274525429,73.0230093385,207.37.196.72
355,encryption,Toys,21.6311123065,72.1783965231,40.29.33.217
356,Multi-channelled,Computers,22.1105719236,81.0673096762,216.190.9.165
357,hierarchy,Electronics,25.8005717759,79.3767192272,28.16.205.185
358,neural-net,Baby,20.3077642828,69.4719255969,203.154.27.82
359,budgetary management,Baby,8.9948936105,82.1034915444,122.69.96.214
360,Intuitive,Movies,9.2917441823,96.875634176,47.233.70.3
361,Pre-emptive,Industrial,10.3863091982,87.27619552,239.1.26.252
362,internet solution,Music,17.3290020039,72.3425633777,16.110.13.133
363,paradigm,Outdoors,10.5249110044,71.7856123011,18.6.32.182
364,hierarchy,Grocery,28.4836545147,75.8329748655,204.54.169.129
365,web-enabled,Outdoors,15.6620732362,90.782903195,170.23.114.160
366,bi-directional,Health,34.8128830973,76.9774106291,75.2.145.199
367,Virtual,Games,22.1856421348,90.0795236867,248.150.80.26
368,intranet,Books,20.109292001,83.2394190897,125.172.231.68
369,secured line,Sports,20.6293740555,86.7003730634,30.110.187.60
370,stable,Tools,34.578375379,96.3097545401,233.211.116.30
371,human-resource,Music,17.1325834544,84.5701344555,107.104.63.73
372,Ameliorated,Books,11.1280259537,80.5110902642,147.73.155.132
373,artificial intelligence,Beauty,10.7623424781,75.4646017832,24.50.136.15
374,Monitored,Automotive,22.3043629908,79.176209299,236.46.58.67
375,stable,Health,14.2301670964,89.5213761029,138.70.97.149
376,Synergistic,Baby,27.1259648144,78.1423744686,92.82.59.110
377,Progressive,Sports,14.9657347696,93.3697712167,19.2.45.141
378,transitional,Computers,36.6164860657,93.9759988965,190.69.209.93
379,zero tolerance,Kids,36.9851113281,97.2183076263,185.235.199.175
380,toolset,Health,23.8028492546,92.2429724352,111.19.227.247
381,infrastructure,Sports,13.9472891677,70.0018592915,163.198.7.118
382,process improvement,Outdoors,27.6428313391,91.9950200542,174.170.88.14
383,software,Electronics,37.5565949755,74.526844029,234.177.176.60
384,optimal,Outdoors,30.8310276701,83.6561363565,69.168.216.41
385,Mandatory,Clothing,35.6449147062,74.4759352029,90.66.155.146
386,neutral,Electronics,32.9646046296,76.2630967024,222.152.178.76
387,executive,Books,36.502946717,96.7907027253,167.252.142.141
388,Secured,Shoes,11.5454328104,79.8413622533,106.178.250.49
389,heuristic,Movies,27.6711970606,89.1566646337,116.134.8.10
390,coherent,Shoes,21.8625452524,87.1923420091,52.75.231.75
391,Seamless,Beauty,24.1219580963,80.0230963089,132.97.21.114
392,global,Industrial,21.0246004193,96.4484685296,133.38.136.92
393,Operative,Movies,27.6197296592,91.9277186362,85.105.132.34
394,contextually-based,Toys,23.8962361165,93.8267253743,62.40.141.82
395,functionalities,Home,30.6689996378,68.7421172939,74.22.209.37
396,hardware,Games,12.5477891178,78.6987183448,26.144.238.169
397,Progressive,Tools,14.6327952318,83.6433525423,20.14.220.103
398,Streamlined,Baby,35.6321136377,81.764438173,247.77.140.253
399,Operative,Jewelery,20.8425780861,70.6621120453,50.101.200.237
400,Pre-emptive,Outdoors,30.2694984587,83.6440269379,94.62.241.79
401,mission-critical,Jewelery,12.26519002,83.0967574654,178.84.179.142
402,eco-centric,Garden,32.5349233137,77.8242136542,101.247.126.231
403,composite,Tools,36.0703636413,86.9274776186,118.147.90.160
404,Innovative,Automotive,30.9251782924,84.54897535,118.119.99.30
405,product,Automotive,15.503016162,72.1707459156,54.167.11.170
406,exuding,Tools,28.4929188731,86.8199977506,89.112.48.66
407,Programmable,Electronics,26.1025773386,77.0304153888,244.5.87.63
408,Stand-alone,Health,31.8722002951,79.1972749674,157.226.125.9
409,multi-state,Clothing,35.8554571638,80.7279818845,148.98.77.251
410,Open-source,Music,18.9367914865,69.746832548,80.5.108.177
411,infrastructure,Clothing,10.6269634072,82.828493669,22.52.0.95
412,firmware,Kids,32.2596306461,81.3573750781,173.72.217.12
413,scalable,Kids,11.7624158915,77.9644251427,196.176.36.196
414,cohesive,Computers,10.6997177838,82.2815747472,34.151.168.248
415,national,Music,11.7234425048,80.5439596876,29.96.80.179
416,matrices,Books,13.4052206054,96.748940639,189.223.91.188
417,approach,Movies,31.8188835991,89.1508167584,135.44.174.230
418,well-modulated,Sports,26.4833829813,79.5269205355,207.80.220.248
419,explicit,Grocery,17.728080398,93.6351309026,184.222.7.245
420,dynamic,Beauty,16.8009129842,72.709317382,51.124.174.220
421,Profit-focused,Garden,26.5619429011,85.0653372913,1.147.44.71
422,systematic,Tools,34.7851237175,80.1613861253,80.158.100.137
423,Implemented,Outdoors,19.8650305577,88.3615930459,125.213.124.74
424,demand-driven,Beauty,21.030782947,77.806926038,163.255.134.169
425,web-enabled,Home,11.3430095428,71.3315354386,205.153.237.111
426,Exclusive,Tools,35.3273042859,74.4211903976,164.22.191.5
427,Multi-tiered,Computers,31.5793545717,69.9396529868,128.151.171.254
428,Reduced,Movies,16.0010656477,94.4726335644,28.95.243.65
429,intangible,Sports,34.7132815416,68.7243080036,161.155.88.216
430,bandwidth-monitored,Shoes,29.8201221197,87.7312691141,7.30.222.166
431,contextually-based,Jewelery,21.5613840515,72.9003976391,210.201.127.197
432,exuding,Industrial,21.1909216107,77.3417413455,3.181.179.157
433,frame,Games,9.9894451844,80.2217186076,0.70.67.57
434,Future-proofed,Books,17.0608933834,72.6007895374,10.2.54.153
435,software,Outdoors,20.2623039254,70.2274860861,229.190.134.79
436,toolset,Electronics,34.91491428,80.2240131307,84.12.140.12
437,contingency,Shoes,33.7071735666,81.699224994,189.25.245.205
438,moderator,Automotive,37.0417375349,86.9957828934,254.154.105.204
439,context-sensitive,Books,8.5272869607,94.0105423086,45.20.167.253
440,capability,Electronics,9.7779446181,91.4664012282,236.154.20.75
441,interactive,Shoes,9.2206979701,81.5829731339,46.141.148.245
442,Innovative,Automotive,13.0398366671,85.0921724299,115.225.222.188
443,foreground,Garden,15.445854406,82.2066091502,83.247.131.215
444,Managed,Computers,12.3928079644,80.8210311929,40.175.7.207
445,Up-sized,Sports,27.6481289484,69.3850727668,140.79.100.76
446,parallelism,Books,14.9439993139,82.6805298183,233.111.2.242
447,Up-sized,Electronics,32.7387801099,91.7704129506,117.84.170.191
448,Decentralized,Games,25.0311830958,72.619266938,91.190.58.232
449,utilisation,Home,11.4022862626,78.3527650462,103.188.152.218
450,attitude,Tools,37.1792765983,81.3712973593,181.7.194.127
451,solution-oriented,Toys,23.3006940233,83.1004705586,12.207.254.36
452,approach,Electronics,8.5827262024,84.8414851441,12.0.123.32
453,dedicated,Books,34.3003480174,83.5964047778,42.70.38.3
454,Ameliorated,Shoes,17.6953582487,69.783719727,89.100.71.127
455,groupware,Music,14.1006831095,85.1888354283,195.222.113.117
456,Pre-emptive,Clothing,12.3508391993,90.5007874562,245.72.14.111
457,multi-tasking,Kids,29.780969379,72.014163824,173.82.216.190
458,scalable,Health,27.0224599389,83.8345369539,86.158.11.18
459,Streamlined,Health,14.5073389225,80.9110809343,144.34.240.52
460,extranet,Outdoors,26.606242457,82.9265219032,174.247.30.163
461,solution-oriented,Shoes,21.7560679145,70.9975129726,242.37.34.41
462,Future-proofed,Tools,19.3612212122,91.0481470969,66.232.44.129
463,application,Home,10.5991984611,75.3717590651,200.51.252.164
464,national,Beauty,36.607394455,81.1773087404,33.134.175.207
465,Phased,Shoes,26.8309551538,79.4874283998,217.174.26.109
466,Graphical User Interface,Jewelery,10.501631288,74.2855261511,92.231.56.15
467,Graphical User Interface,Computers,28.2716552189,90.8691538371,74.34.226.38
468,Distributed,Industrial,21.9832717462,78.5433074372,186.59.73.143
469,Programmable,Garden,10.4593817463,69.7650731633,191.134.198.105
470,Operative,Grocery,25.5410567288,72.3068906973,50.241.135.240
471,monitoring,Music,11.72349532,88.0731074659,102.94.42.217
472,forecast,Computers,13.7268222133,86.6467122442,65.156.255.33
473,ability,Computers,26.0592717932,83.8321265637,149.92.54.132
474,Configurable,Outdoors,29.6208785117,91.0688318937,20.198.141.128
475,high-level,Jewelery,10.6800418536,91.1124262459,14.49.53.138
476,bi-directional,Grocery,14.2889172535,86.9521558745,36.10.26.106
477,Reactive,Toys,32.8237559062,70.1325441298,181.33.219.25
478,Public-key,Jewelery,34.3662955867,80.9867561717,178.227.207.171
479,projection,Music,37.0158704714,73.1572298112,143.131.175.60
480,incremental,Jewelery,15.3406664959,78.6861947018,77.76.249.38
481,tangible,Music,35.8616681127,80.7947435157,195.66.50.34
482,impactful,Sports,15.8362694154,84.7829552889,43.179.152.221
483,Programmable,Automotive,35.6783926814,70.9765092256,190.244.39.110
484,Configurable,Movies,23.5733648812,87.8409367843,55.151.178.235
485,Customizable,Beauty,26.239668577,91.5838921725,9.241.175.217
486,Right-sized,Music,11.9353173744,91.5582172792,134.137.162.255
487,policy,Sports,36.3583794556,94.7557639271,128.135.214.25
488,alliance,Baby,12.6151910129,85.4702781024,63.178.181.205
489,archive,Sports,25.5470890285,86.2664714145,254.36.58.27
490,Function-based,Shoes,25.1590924298,89.1703827155,167.117.240.196
491,Reverse-engineered,Books,16.3387426922,74.7694747842,208.211.106.248
492,architecture,Jewelery,36.5128836102,88.1275992302,143.15.50.224
493,empowering,Beauty,10.0252644164,77.8359325902,142.160.112.170
494,Down-sized,Garden,10.1732109349,96.0092724553,38.123.36.202
495,responsive,Garden,26.4916850985,86.8257991116,213.181.57.44
496,application,Games,36.449376252,79.3672000146,50.123.229.221
497,Up-sized,Jewelery,24.0547588302,94.7175642344,22.205.139.28
498,Cross-group,Sports,11.6172649815,89.0671451699,178.232.237.119
499,function,Tools,11.1056300567,93.9230586454,18.150.113.4
500,Business-focused,Books,22.4712141742,79.3193081458,155.233.46.187
501,solution,Sports,35.8590481649,87.0473305689,55.23.154.120
502,mission-critical,Home,10.5618468977,85.5643884082,95.109.240.12
503,contingency,Toys,26.4705590911,97.1691812183,17.107.32.81
504,Business-focused,Games,28.2072371796,90.4272207709,159.118.190.252
505,multi-state,Jewelery,18.6232727082,94.5943987577,137.91.127.148
506,internet solution,Beauty,21.209048861,69.1491307171,45.202.15.129
507,product,Computers,14.998542991,75.5088080726,137.220.175.175
508,capability,Home,17.3428781445,79.1996283723,230.231.174.242
509,Enterprise-wide,Computers,16.4556424195,88.6259681585,144.218.212.44
510,pricing structure,Health,24.322657705,78.4798730613,164.150.5.63
511,neutral,Outdoors,21.8291302455,76.499036846,12.180.25.62
512,encryption,Industrial,29.162129186,78.5571141306,149.3.189.159
513,neutral,Shoes,12.7173924632,73.9124326542,79.165.115.111
514,zero tolerance,Kids,13.8315419703,95.4739738818,89.61.39.204
515,solution-oriented,Tools,9.8396934076,75.2455311574,9.29.132.218
516,client-server,Automotive,22.9613101407,74.7294384978,60.210.78.143
517,Polarised,Electronics,22.0645856173,95.8288947518,90.12.149.56
518,client-driven,Home,23.0251424911,84.0571774807,229.184.83.128
519,architecture,Electronics,32.1328342695,72.2015626891,137.59.100.254
520,Ergonomic,Games,29.4791993747,88.9705571201,236.236.234.77
521,task-force,Games,20.4872545358,81.7776937488,213.70.36.37
522,support,Electronics,16.6108335426,90.2877121159,116.39.1.178
523,approach,Toys,10.8134234901,90.8202691195,76.51.166.22
524,productivity,Sports,37.044163973,95.9498059454,19.235.74.182
525,encryption,Grocery,27.0551855784,85.31493009,94.63.39.98
526,Seamless,Baby,18.6038401867,89.0502312314,134.114.42.204
527,challenge,Music,18.7784250664,88.7663037304,175.204.191.35
528,Fundamental,Beauty,11.4830679302,96.382690262,53.63.180.56
529,user-facing,Toys,14.3690818535,96.6767358278,89.142.206.146
530,disintermediate,Movies,32.2307234322,87.6470753247,172.60.248.183
531,pricing structure,Shoes,14.0148296725,92.0570233722,196.107.166.84
532,De-engineered,Computers,14.7392733938,83.7697801474,109.125.77.77
533,24/7,Electronics,36.7969046724,96.0574131943,254.240.223.126
534,software,Computers,35.5427567663,82.8366386802,46.50.175.33
535,explicit,Home,24.0818537719,92.5889258636,228.94.111.226
536,Profound,Games,23.0086958419,92.8851545744,64.229.61.241
537,Centralized,Grocery,19.2648453914,96.568962189,231.235.238.182
538,approach,Home,32.0433211136,97.1725380564,125.54.223.143
539,Centralized,Sports,17.8875564308,96.6473618449,187.190.235.93
540,Persistent,Outdoors,20.7140835059,79.4765140524,49.135.15.75
541,actuating,Computers,12.79380846,96.7097870868,237.19.75.213
542,holistic,Outdoors,13.3184136843,89.8431805634,166.123.198.71
543,systemic,Baby,22.0149690206,89.6670412288,89.231.196.248
544,eco-centric,Music,10.4508032224,73.2426944085,198.117.226.139
545,bandwidth-monitored,Outdoors,8.8010854158,77.2661747312,98.104.76.89
546,composite,Clothing,18.907627716,79.1873888453,183.53.191.147
547,Programmable,Beauty,29.3683079196,88.2701677529,59.53.119.88
548,intranet,Jewelery,18.1639523001,74.3049611148,31.135.142.61
549,Enterprise-wide,Automotive,18.0713014763,78.2592293918,9.32.81.244
550,approach,Games,10.3471531787,95.6958913082,147.84.22.165
551,ability,Clothing,23.6306229523,90.3570765794,129.6.22.236
552,zero defect,Computers,37.2782517792,80.3906141703,117.172.219.137
553,User-centric,Toys,21.1382078407,75.6053881427,45.239.120.148
554,eco-centric,Electronics,22.1889328384,69.2549964476,59.101.122.121
555,Implemented,Games,29.5681673029,90.2958350375,42.224.231.205
556,Future-proofed,Garden,33.0510005532,89.3937912431,141.59.86.127
557,array,Baby,27.2785589456,74.3163019646,143.102.253.204
558,encryption,Outdoors,14.2380158885,88.9867211253,163.209.101.253
559,support,Electronics,17.3398127736,84.307653544,41.67.194.170
560,human-resource,Sports,12.3604476252,92.8034514777,26.180.62.88
561,full-range,Jewelery,14.7710363485,90.3069094444,36.253.136.149
562,fault-tolerant,Health,29.2855294464,73.6754086774,143.163.1.0
563,heuristic,Outdoors,13.0559462708,95.8143977923,177.89.127.220
564,Multi-layered,Games,35.570321146,72.411614361,247.185.165.0
565,analyzer,Garden,17.553154912,76.1436777703,58.118.55.177
566,Fundamental,Tools,18.5636915581,84.4984070497,8.247.33.147
567,Self-enabling,Games,22.3740075342,73.3644420406,54.253.98.23
568,bottom-line,Industrial,32.1615761162,69.342940766,40.252.160.58
569,Phased,Toys,8.6071125001,77.5825122067,24.190.119.73
570,firmware,Automotive,13.7533187531,90.2280827587,189.97.27.248
571,approach,Industrial,27.8484333259,80.3395654135,142.164.53.123
572,optimizing,Books,8.4840378374,83.1028724801,81.176.114.226
573,Self-enabling,Garden,16.6609176583,79.4673407325,31.92.36.31
574,interface,Kids,17.0274420874,94.3983363817,246.21.107.130
575,Persevering,Automotive,20.0436915231,96.394863428,168.27.35.149
576,context-sensitive,Grocery,29.8565489177,85.1351612365,90.109.142.175
577,core,Clothing,29.2273715114,73.6066911099,132.228.121.255
578,Open-architected,Books,22.0040982231,73.3113247332,95.13.65.89
579,conglomeration,Automotive,13.3337801029,82.1533734296,173.193.177.223
580,encryption,Electronics,18.9293188316,70.6858018303,191.113.75.254
581,Function-based,Automotive,31.0166327204,85.4491311492,233.188.90.226
582,adapter,Automotive,20.760362145,95.2233177058,44.193.12.208
583,moratorium,Automotive,19.4797972221,87.9229335062,219.133.47.168
584,Multi-layered,Books,19.6717108858,92.9902110564,84.64.175.211
585,Versatile,Jewelery,13.0647749852,92.0315946721,183.206.230.233
586,heuristic,Kids,35.3744895446,93.0594717575,210.29.165.85
587,leverage,Outdoors,15.9085933494,69.853029543,53.121.236.133
588,help-desk,Toys,11.1867536683,77.4657185499,20.63.167.201
589,cohesive,Clothing,14.707709048,88.5284487736,240.216.140.167
590,Total,Industrial,23.6727651706,92.8576118779,212.95.215.165
591,Quality-focused,Grocery,10.5364239936,95.7372987045,160.158.227.31
592,Expanded,Clothing,23.7927710658,89.9676414483,55.245.121.30
593,secured line,Games,9.6461350255,80.5424914331,102.79.195.74
594,Decentralized,Sports,15.9467666785,87.4596185635,148.131.218.136
595,productivity,Health,12.3436051758,70.094298479,235.90.88.121
596,Down-sized,Automotive,18.2241709582,74.5409635789,203.126.213.60
597,implementation,Toys,20.897864646,93.627044111,57.207.136.85
598,actuating,Sports,11.716299234,96.7784292394,244.178.20.130
599,Realigned,Toys,13.46755163,77.3890618402,182.41.156.14
600,system-worthy,Grocery,23.0184051625,78.0819436717,176.76.250.212
601,Cross-group,Health,27.5009925554,89.2687805002,220.233.92.197
602,directional,Baby,33.8701787662,74.5808287795,248.72.44.232
603,synergy,Outdoors,37.2950259517,88.7997760963,255.245.128.207
604,Face to face,Kids,18.1282972337,88.6457483481,56.75.144.132
605,secured line,Shoes,13.2414040366,80.3041959283,24.159.33.79
606,secured line,Books,27.8628135555,90.6892127914,185.207.124.155
607,radical,Tools,8.9146266496,93.6002355585,243.254.157.206
608,Phased,Jewelery,32.0521725448,75.6358376974,239.52.32.149
609,Phased,Grocery,19.3557095923,88.182182568,246.98.225.69
610,mission-critical,Music,21.8698332533,83.6347404115,14.41.14.247
611,Universal,Garden,36.1059823728,73.9566350209,189.53.116.73
612,Fundamental,Games,13.3356701814,72.3078229121,135.25.205.23
613,Multi-channelled,Home,37.0833788985,88.3251104373,33.68.254.163
614,Multi-layered,Clothing,11.2252551377,74.9896852313,165.161.4.56
615,non-volatile,Health,19.365526,77.2756226347,88.155.154.153
616,Implemented,Jewelery,12.2824347672,71.8175285477,123.143.226.41
617,disintermediate,Garden,14.0352555014,75.145131666,125.80.244.213
618,moratorium,Movies,17.040889982,83.2622513134,206.63.152.124
619,Mandatory,Computers,9.6133559133,95.8152209453,199.74.224.150
620,product,Shoes,11.7676890825,84.2700158691,16.128.241.70
621,Grass-roots,Toys,20.4439912452,89.1859864157,65.213.233.94
622,Assimilated,Sports,29.3993163989,69.8362373053,236.249.236.169
623,extranet,Beauty,35.0450020149,80.8588609435,109.143.163.120
624,encryption,Music,11.9575255281,83.2689537279,100.224.58.2
625,Visionary,Tools,27.8592523881,69.2445303963,248.24.95.194
626,Synchronised,Movies,11.423902317,88.4950207142,30.37.192.98
627,Ameliorated,Garden,24.1685875455,81.7802127374,194.28.176.107
628,instruction set,Garden,27.049242295,74.0082773815,57.95.132.201
629,groupware,Kids,17.8727327211,72.1832475743,52.116.162.115
630,Down-sized,Music,19.0698594841,85.8173216043,192.66.95.49
631,3rd generation,Music,15.721128315,97.0707961697,84.204.194.195
632,heuristic,Beauty,10.6240444584,87.6942890195,28.22.56.215
633,Cross-platform,Health,26.8952678577,80.6265620808,213.46.238.12
634,parallelism,Clothing,15.3026345533,74.3874975946,202.60.100.17
635,User-centric,Jewelery,23.3007765291,82.3200689992,95.221.76.150
636,open architecture,Electronics,14.8024012932,95.9714882323,102.229.11.241
637,Graphical User Interface,Computers,29.3936083389,69.5947844777,175.130.156.79
638,Fully-configurable,Industrial,13.3268566892,93.0004768963,188.238.152.114
639,multi-tasking,Games,18.1997599191,92.6069399222,137.48.58.209
640,Virtual,Industrial,33.4744435661,89.4100723872,205.11.116.106
641,benchmark,Kids,30.5112499553,94.5071620606,182.134.237.41
642,intangible,Grocery,18.053485988,96.5775003977,70.5.124.212
643,Customizable,Tools,9.6669510304,90.4287740901,175.28.127.245
644,Grass-roots,Music,10.1135352329,83.8283009356,87.68.139.50
645,attitude-oriented,Beauty,8.9921122225,93.1792793443,208.50.196.104
646,application,Grocery,22.5157843227,78.6451782797,71.169.144.172
647,matrix,Electronics,30.1805727217,87.9538053706,184.88.56.199
648,task-force,Sports,29.7153780497,70.6707805574,56.109.227.172
649,bottom-line,Toys,31.1618521868,93.8539129088,110.154.9.109
650,neutral,Jewelery,12.5045253424,79.1337593102,179.79.180.177
651,high-level,Jewelery,27.0441365654,95.2811904668,163.217.0.227
652,maximized,Computers,11.761761985,88.1595754941,179.62.162.214
653,attitude-oriented,Shoes,12.6823349306,83.6310954475,165.220.125.166
654,systematic,Outdoors,20.6198637438,95.6627958746,29.237.20.207
655,object-oriented,Industrial,28.8456753255,72.357060491,145.27.28.252
656,optimizing,Clothing,34.6952471301,94.9220342124,253.13.90.134
657,artificial intelligence,Shoes,17.7021935328,73.5749800148,157.168.84.39
658,approach,Electronics,32.2391590135,76.2629286204,103.10.88.39
659,challenge,Clothing,9.563219766,76.6061322537,253.169.197.227
660,logistical,Sports,17.1554259371,76.2345750846,231.54.75.78
661,Cloned,Industrial,25.2537835534,82.3658384262,239.26.88.20
662,projection,Games,20.6286696607,79.1222913958,32.33.221.240
663,capacity,Jewelery,22.6036096366,86.3968673621,105.73.207.166
664,internet solution,Movies,15.9446982287,90.2581457131,162.153.255.173
665,solution-oriented,Books,17.2136230687,77.6203830347,101.65.3.97
666,logistical,Health,11.6087001693,76.3552260066,101.142.218.63
667,Graphic Interface,Toys,13.6096451071,81.2458365652,239.109.28.164
668,client-driven,Outdoors,34.5652375857,73.338629956,59.38.107.185
669,systematic,Beauty,14.4968146347,79.1662417,80.111.32.113
670,Vision-oriented,Baby,32.6304891178,72.3230139059,16.7.97.140
671,Persevering,Tools,22.5257159347,94.5202203305,207.235.167.190
672,contingency,Shoes,11.6461099504,75.5581238902,72.109.252.127
673,groupware,Toys,32.9967167124,91.6352033689,7.160.225.70
674,well-modulated,Shoes,10.0845250625,75.1528961355,112.185.227.230
675,conglomeration,Grocery,36.3595292846,79.4390183004,12.9.169.141
676,optimal,Automotive,34.7664506156,88.1831672138,77.60.64.85
677,bottom-line,Tools,16.9295275527,73.483887597,85.46.230.53
678,adapter,Baby,19.7469544551,76.3836597319,222.68.50.199
679,complexity,Books,18.2492673785,89.2355108036,159.194.194.77
680,exuding,Automotive,34.1040620486,76.8698160243,173.136.237.22
681,Pre-emptive,Outdoors,27.9451915724,75.2024783985,121.105.193.108
682,Exclusive,Computers,33.1304912685,90.4290530631,9.153.194.8
683,5th generation,Industrial,26.0782105185,93.2356878708,90.59.34.137
684,archive,Movies,28.5504835373,89.6473697609,22.39.205.107
685,stable,Automotive,32.5798533939,85.863761838,45.62.249.16
686,client-driven,Jewelery,16.9653670972,91.3916805106,113.105.32.245
687,strategy,Garden,37.3415460227,76.7541480199,71.81.70.111
688,Triple-buffered,Electronics,23.6880471823,81.2457586433,100.158.54.254
689,leverage,Automotive,13.5992070389,83.1306254793,67.103.182.252
690,Stand-alone,Outdoors,9.1716819468,88.9900516173,27.61.149.89
691,regional,Clothing,13.4728746963,81.2499090028,202.22.208.224
692,functionalities,Automotive,18.5482943002,78.6464282697,80.157.53.238
693,Realigned,Music,27.5424800581,89.0001158312,192.71.178.235
694,protocol,Outdoors,30.0540586571,92.7817025407,121.205.128.203
695,process improvement,Music,36.5141757841,95.9100769704,147.142.33.219
696,Intuitive,Movies,13.9612173281,84.880670926,59.37.127.68
697,maximized,Books,32.2121512043,75.7895946272,80.47.236.107
698,Secured,Garden,29.1036633786,69.4857798526,234.189.210.225
699,Configurable,Jewelery,27.5089491518,76.7402116529,29.200.78.163
700,frame,Home,22.7776798425,80.7534428047,60.243.19.239
701,Organized,Clothing,24.8060502576,93.8235925122,191.109.232.86
702,access,Sports,34.8390955305,72.8363956325,50.144.213.69
703,discrete,Home,18.0910137445,93.9961639231,254.0.123.103
704,software,Kids,26.1428902305,88.7776788941,35.7.59.56
705,Mandatory,Outdoors,14.9957659824,95.3907312659,126.40.6.253
706,Automated,Toys,24.116055965,90.603312319,249.69.131.64
707,neutral,Health,34.0214284278,76.4842356041,180.239.109.16
708,Inverse,Computers,12.9104097232,87.6469535593,25.222.58.207
709,executive,Outdoors,36.9983261432,85.6445568525,157.194.184.139
710,Pre-emptive,Shoes,26.8891338995,72.8590313949,219.96.112.14
711,Networked,Automotive,18.535805788,75.1804479505,185.237.95.160
712,Ameliorated,Automotive,22.1809755419,70.8827563166,58.158.13.30
713,methodical,Kids,18.6719213311,84.62512215,199.37.200.250
714,value-added,Shoes,16.0547362675,68.7737866429,216.180.76.19
715,executive,Kids,15.0444787704,94.5412834145,140.89.116.47
716,framework,Sports,31.1059680956,91.2407832181,97.111.93.4
717,Persistent,Shoes,26.6460654056,73.6048975217,45.163.151.164
718,intangible,Health,19.2966005982,90.3129098687,82.144.179.60
719,24/7,Tools,31.0265298,87.5508386472,119.218.150.11
720,Visionary,Shoes,16.3090954264,79.9241202645,86.98.243.38
721,methodology,Games,10.5635222635,78.5669414665,92.216.120.73
722,Streamlined,Books,19.6800891179,74.8573573637,188.44.12.136
723,benchmark,Books,31.9637483907,76.2077966487,206.87.157.192
724,radical,Tools,23.0170135032,94.3176598615,155.28.14.49
725,parallelism,Health,13.9747774369,75.0646077137,34.150.134.16
726,interface,Home,35.8934691058,75.5334230362,190.95.61.243
727,24/7,Kids,12.874667674,83.0763506853,72.185.100.72
728,Adaptive,Outdoors,18.8262636494,73.003100044,35.213.150.156
729,Up-sized,Industrial,17.6381881215,68.9132302795,40.216.133.20
730,internet solution,Books,36.7858651989,75.4165432007,209.136.147.73
731,Persistent,Movies,36.8597291576,97.0758001314,131.21.242.189
732,Ergonomic,Jewelery,26.8431826436,72.0829823476,180.131.213.209
733,portal,Movies,14.7891285712,73.6562191236,31.129.30.125
734,data-warehouse,Tools,19.4292358852,83.2468708535,225.164.135.184
735,zero defect,Automotive,28.5102976691,70.7453587799,54.125.28.192
736,support,Shoes,34.6371136447,96.1820579525,175.219.58.117
737,capacity,Games,10.4291339623,80.5256212985,85.110.153.43
738,Synergistic,Electronics,21.9167066631,89.4608102469,11.158.32.153
739,actuating,Home,22.1796422666,75.4528167227,89.138.37.158
740,stable,Games,9.3046951256,72.0619426261,93.173.106.187
741,discrete,Books,36.469145133,82.4160591955,80.28.150.122
742,zero defect,Health,28.5821042091,75.0212276567,207.119.7.61
743,architecture,Jewelery,31.434495094,71.8483504678,136.242.99.126
744,secondary,Garden,12.5077899486,84.7747441514,57.113.133.214
745,framework,Tools,27.044869308,86.773306016,136.35.33.15
746,Re-contextualized,Games,27.1999365149,72.1756130036,55.211.150.92
747,Vision-oriented,Sports,21.0729631052,75.5963712828,115.70.241.173
748,structure,Home,9.4890200448,84.8240446441,177.123.4.150
749,motivating,Beauty,24.3310466141,80.986323088,248.96.252.24
750,fresh-thinking,Books,18.2010590982,71.136479607,152.53.98.88
751,installation,Electronics,19.3400752223,79.7555085989,81.193.114.237
752,Distributed,Grocery,16.5888571612,72.2719963696,31.21.168.254
753,bottom-line,Computers,16.4108148952,94.0117815505,182.58.43.255
754,Multi-tiered,Industrial,22.4355653222,94.0014617595,37.146.56.121
755,Cross-group,Clothing,26.477720338,70.7301194682,43.52.98.203
756,Centralized,Kids,21.7759883191,96.4121193581,205.117.222.19
757,exuding,Books,33.5941888074,93.6438942269,140.70.19.49
758,adapter,Tools,30.456916617,86.0963770953,17.56.35.144
759,encoding,Garden,9.0298275827,93.5520012805,210.32.250.235
760,Networked,Games,21.3272329608,85.8965158357,63.20.189.131
761,Proactive,Electronics,12.1656458751,76.2696052349,24.77.127.78
762,reciprocal,Baby,19.365425539,77.0123761913,144.246.217.110
763,didactic,Electronics,33.8200271468,74.1309433887,138.213.145.190
764,emulation,Beauty,10.7105247238,71.1888263449,29.151.25.188
765,impactful,Sports,20.4583160411,77.0013905228,109.196.132.46
766,Extended,Industrial,32.9342441228,70.2044754986,172.169.219.224
767,Programmable,Clothing,15.9014504935,96.0571399825,25.221.33.10
768,initiative,Grocery,22.7471640971,86.6158061344,79.213.64.85
769,alliance,Grocery,37.1247826626,96.227134794,168.181.177.77
770,Switchable,Industrial,23.3422638731,82.6991913904,168.87.248.89
771,reciprocal,Books,29.8595371235,73.8775832466,196.60.213.194
772,national,Clothing,11.1695851231,90.2902859802,61.143.184.25
773,Horizontal,Clothing,17.338642905,71.4622429159,177.158.33.162
774,Reduced,Automotive,34.7477579051,94.5936293171,251.108.129.141
775,application,Jewelery,13.4253686106,77.1532864951,47.126.190.29
776,Triple-buffered,Industrial,30.0413982283,73.9542459677,227.58.230.115
777,methodical,Garden,12.7104061696,74.9513148921,27.98.143.84
778,Polarised,Tools,27.8218212527,87.8282910126,5.199.73.201
779,algorithm,Kids,23.3821484686,73.7849782727,120.242.46.189
780,Optional,Home,14.902375058,77.923662257,38.184.247.70
781,radical,Movies,14.8706864545,76.2629831428,113.163.164.164
782,explicit,Beauty,16.7456991254,81.5210383513,27.58.230.29
783,firmware,Shoes,22.103451385,84.3637162606,227.245.133.142
784,Versatile,Beauty,31.5964887884,89.1679562344,232.216.91.22
785,artificial intelligence,Automotive,9.6639544226,73.9961989694,140.163.233.142
786,neutral,Kids,27.6012927014,92.1212145751,212.118.109.42
787,Innovative,Jewelery,29.9642835633,72.2263345745,30.50.242.159
788,productivity,Books,32.1754106058,70.6649734151,236.34.125.209
789,website,Home,32.5196527861,81.8640342902,94.150.92.161
790,budgetary management,Toys,22.4498788656,78.4309420024,233.240.228.92
791,systemic,Health,16.4419207757,94.811673355,52.50.48.40
792,Configurable,Shoes,27.8131462849,85.0859538335,49.214.168.14
793,national,Industrial,13.3340252837,81.419297702,11.177.202.88
794,next generation,Music,19.3643410975,90.190292953,23.121.249.248
795,analyzer,Books,22.9146995604,77.7718910049,90.42.120.195
796,extranet,Toys,25.1258583982,74.8771705125,71.242.54.1
797,paradigm,Health,28.3964374203,88.6443796259,207.174.224.206
798,Optional,Garden,29.0582016145,80.0683890101,64.92.48.58
799,Up-sized,Games,33.1990236167,88.3738121136,121.10.229.121
800,Adaptive,Sports,37.5740649182,83.7455392951,212.18.184.45
801,framework,Clothing,13.6793974183,82.0743682293,76.227.121.129
802,Distributed,Outdoors,16.5064356179,76.234698171,223.168.226.46
803,disintermediate,Clothing,15.816823322,84.3223424611,44.85.76.216
804,eco-centric,Clothing,9.8605594391,75.567631847,4.5.132.97
805,matrix,Garden,8.6470006707,83.2659826335,51.145.247.73
806,protocol,Jewelery,10.4175322042,94.7716243715,65.58.26.158
807,user-facing,Toys,20.8314156505,88.3463608216,92.126.211.104
808,responsive,Kids,13.9626396423,95.3892645036,6.192.40.79
809,3rd generation,Health,15.4135929753,96.2829675704,77.146.176.77
810,systemic,Games,17.2731342131,83.1709015922,105.36.211.24
811,national,Sports,26.3894300921,78.9496874088,41.32.101.202
812,6th generation,Tools,8.7026246888,77.2407307245,65.236.225.49
813,capability,Automotive,15.8417367398,77.6699308354,172.180.210.203
814,Graphical User Interface,Garden,32.60741651,72.3533704864,147.88.185.211
815,Horizontal,Outdoors,16.0325082749,71.8452697847,91.175.246.203
816,Self-enabling,Books,12.0398831005,94.1888429983,166.24.39.144
817,framework,Jewelery,20.9347630798,78.2245660893,252.126.113.179
818,Expanded,Clothing,10.8113924402,91.6600606506,240.117.104.54
819,multi-tasking,Home,30.9775376985,68.9362865301,97.130.57.56
820,success,Grocery,14.8178108725,92.1130787695,115.77.59.30
821,transitional,Music,35.6155705301,80.3192624818,14.225.119.193
822,installation,Jewelery,29.0330621575,85.819404695,99.221.11.245
823,Optional,Books,33.2174728467,75.7236807375,123.183.180.103
824,content-based,Industrial,28.5112522297,74.7360365793,113.71.17.203
825,Advanced,Garden,31.1578017743,95.1825001064,102.31.116.175
826,frame,Jewelery,28.8316027737,86.1253753526,181.125.154.93
827,pricing structure,Shoes,28.9154757768,84.2334513305,14.223.198.133
828,Public-key,Sports,25.2956694065,80.8559404949,147.75.251.168
829,next generation,Health,27.6244599521,86.7582084325,68.119.49.130
830,high-level,Sports,34.145453417,82.4726658372,181.225.168.161
831,object-oriented,Kids,8.761954324,76.9322137899,144.87.49.31
832,Organic,Books,37.3940797404,89.0815990662,236.5.69.207
833,upward-trending,Toys,29.5462564674,74.5912411611,114.119.245.116
834,Reverse-engineered,Grocery,29.0235237548,75.2735117511,44.26.74.33
835,customer loyalty,Books,18.032882771,82.0344966128,64.15.244.91
836,portal,Grocery,32.4556970295,88.3571619401,125.53.255.81
837,Re-contextualized,Books,28.0791372046,85.1664210154,128.118.47.212
838,clear-thinking,Music,33.4786176956,79.6992342882,75.226.56.168
839,De-engineered,Games,34.3579542176,78.7009500245,186.80.19.165
840,Upgradable,Movies,21.0563259031,76.4576319703,141.196.32.161
841,Up-sized,Outdoors,22.9921649679,94.334731613,164.50.34.195
842,infrastructure,Sports,20.9439607713,73.7055416674,29.132.157.112
843,object-oriented,Garden,31.9779080652,70.4510024534,246.11.233.85
844,interactive,Baby,14.8246112083,69.5286656284,213.115.18.65
845,Multi-lateral,Games,32.4405203569,90.8033736792,189.156.61.18
846,Object-based,Garden,12.5115408404,93.6465410301,127.71.162.198
847,Integrated,Health,21.8865724223,89.7645690445,85.251.138.146
848,Compatible,Kids,25.0078995534,89.4723627859,10.101.239.86
849,asynchronous,Automotive,33.2067064315,77.6745066669,67.202.27.8
850,Centralized,Movies,10.179851324,75.5328471636,18.158.21.230
851,responsive,Grocery,31.8755457145,87.6839930712,90.20.142.84
852,Implemented,Industrial,10.6627923821,80.5144573408,159.117.50.61
853,mission-critical,Beauty,35.4431698652,83.5594173889,89.15.248.3
854,Customizable,Health,9.4774460347,86.0144789278,13.75.203.255
855,structure,Sports,23.5179920235,74.8143024513,63.173.198.84
856,24/7,Grocery,36.5497130834,77.2852457946,40.141.149.92
857,value-added,Tools,17.830575485,75.0644725742,114.96.145.37
858,collaboration,Outdoors,23.9504838391,86.6783427462,229.12.0.217
859,Front-line,Jewelery,13.6464451374,73.8997918726,144.73.42.124
860,empowering,Automotive,22.8790527701,76.5515496062,144.52.248.248
861,Open-architected,Games,34.8960450095,94.1488871452,95.228.206.185
862,Balanced,Sports,25.8250961965,86.5355024234,50.9.60.232
863,Digitized,Outdoors,15.2982740243,80.7650724025,203.120.213.59
864,knowledge user,Music,9.2589890028,72.5350156639,16.122.118.29
865,user-facing,Clothing,8.5915205763,94.962305151,33.230.242.106
866,matrix,Music,36.9966190349,85.4484313232,216.205.107.26
867,optimal,Industrial,20.2380629294,88.035588232,82.148.75.73
868,Networked,Garden,36.8981321185,74.7687305455,17.249.52.186
869,interactive,Music,22.2594375706,84.6274592497,104.248.129.95
870,object-oriented,Jewelery,18.6434603155,75.6778130276,251.138.87.155
871,paradigm,Health,22.7834556922,79.8202226108,52.228.97.127
872,Sharable,Electronics,37.3359755172,86.8089400725,117.93.197.40
873,tangible,Books,25.9877147862,90.8225075204,19.226.18.193
874,Open-source,Shoes,18.6549849484,73.7223964251,238.155.212.22
875,Integrated,Electronics,22.8817812116,88.3824666978,245.50.234.81
876,asymmetric,Books,21.1347151708,82.486371938,157.21.107.111
877,standardization,Outdoors,18.8585900762,81.6819687791,60.169.103.123
878,Realigned,Grocery,9.3852085547,84.7234138436,178.67.106.149
879,Intuitive,Home,8.8651741945,91.748442796,139.133.90.216
880,Ameliorated,Jewelery,19.2946727198,82.7618723798,30.77.74.87
881,Networked,Garden,28.7649608112,90.9334329103,249.194.185.210
882,superstructure,Kids,9.0372648759,75.7141408189,72.253.83.70
883,user-facing,Jewelery,35.0133391018,71.0238011333,28.149.108.157
884,Cross-platform,Movies,8.5045837467,74.5116361713,144.244.243.177
885,neutral,Automotive,12.5050554269,94.2221142844,143.101.60.253
886,utilisation,Grocery,21.0140769209,84.1455060579,174.111.192.48
887,Reactive,Garden,11.2625123382,78.7847214667,235.63.223.72
888,database,Movies,9.4969274809,78.9994572851,222.239.16.137
889,installation,Industrial,26.0412650828,72.4517823574,132.46.60.3
890,4th generation,Clothing,16.0555355211,70.817956766,14.0.62.80
891,paradigm,Electronics,11.6762348519,83.0883357304,68.221.146.149
892,next generation,Garden,15.7300853188,78.5982001319,120.127.189.158
893,eco-centric,Garden,15.9267233364,76.2680468457,34.195.117.93
894,high-level,Automotive,9.4698776133,68.9038473112,111.34.70.22
895,pricing structure,Jewelery,9.2037673421,82.6920046666,245.80.142.136
896,intangible,Garden,35.619606828,88.8563480021,176.84.249.251
897,system-worthy,Beauty,36.9883101036,89.5895721049,28.165.194.214
898,Expanded,Games,19.0970328402,78.6061669224,149.194.93.68
899,Vision-oriented,Games,36.3189711863,72.4478758071,207.124.117.68
900,contextually-based,Toys,10.9674230071,82.6286164232,213.127.142.32
901,Upgradable,Tools,35.0627588156,78.3384404014,84.218.78.148
902,mobile,Tools,35.8593084854,94.8790178661,190.248.217.90
903,content-based,Clothing,30.9794522491,86.8336366099,58.189.175.202
904,product,Games,14.2782500721,69.9606234515,38.112.39.213
905,mission-critical,Jewelery,13.3327916206,74.4420110363,116.104.161.246
906,Multi-channelled,Shoes,22.3697557769,73.1864073035,99.29.43.212
907,Virtual,Kids,18.1514162604,76.782175309,59.97.204.125
908,Optimized,Outdoors,21.0891300521,91.5373253285,192.112.83.89
909,access,Shoes,18.1477983866,80.7722390183,10.247.214.78
910,client-server,Books,28.2002048367,77.7021405376,238.40.188.11
911,Customizable,Music,10.5960699484,92.2027107429,250.204.253.171
912,bandwidth-monitored,Shoes,35.9140075793,73.9990009479,105.130.206.171
913,asynchronous,Health,10.5836501514,86.7983064399,231.9.39.29
914,Persevering,Garden,35.0474780409,69.6347277962,207.74.151.0
915,human-resource,Sports,26.5443624147,88.112733114,236.222.124.23
916,Optional,Tools,17.8255042249,85.5825768692,187.127.6.77
917,policy,Beauty,8.6087589716,80.258276701,125.103.203.153
918,Reactive,Tools,34.6210500261,74.7592650513,86.82.80.168
919,Reactive,Games,15.5138890841,70.9692067379,9.19.130.34
920,function,Games,36.9608522048,78.9903815873,117.249.64.82
921,Enterprise-wide,Kids,18.8676459081,94.1172172105,68.207.102.158
922,infrastructure,Books,29.8710306216,90.2552317809,6.49.17.95
923,uniform,Music,37.0515889891,72.3109774695,123.213.177.39
924,Team-oriented,Shoes,14.6004349532,79.663825228,236.222.20.149
925,artificial intelligence,Computers,18.3962794067,84.135037269,162.142.27.114
926,Team-oriented,Industrial,12.8458057132,93.3550640297,133.51.104.167
927,value-added,Outdoors,35.0682255163,72.6016302912,55.140.50.93
928,web-enabled,Grocery,10.420851699,69.0429610771,244.146.19.98
929,optimal,Books,37.4937343227,82.6321237647,228.81.86.192
930,function,Toys,31.4028766411,93.216374917,55.110.174.181
931,budgetary management,Jewelery,22.6575503793,77.3078459988,76.179.36.81
932,Multi-channelled,Grocery,29.3548676569,77.5674241735,161.26.88.247
933,parallelism,Sports,16.158374684,92.8422120199,210.68.149.13
934,even-keeled,Health,21.8309652413,90.2888913697,167.179.64.60
935,Reverse-engineered,Music,9.2333905901,79.4506126869,145.26.181.203
936,User-centric,Books,23.1763346536,75.0057406493,93.210.181.31
937,function,Outdoors,22.862178697,96.3213099907,140.230.44.179
938,superstructure,Home,30.1575176472,82.2444324449,41.49.133.22
939,motivating,Grocery,18.1651144872,78.8218228056,148.25.201.99
940,throughput,Grocery,34.3729158301,80.6183277745,212.206.45.70
941,collaboration,Automotive,14.7146287081,94.4234894544,230.238.56.188
942,Re-engineered,Automotive,15.4348341471,87.1390671451,63.147.83.73
943,solution,Sports,20.7700943415,76.015355446,70.12.36.231
944,Inverse,Industrial,29.2762463538,87.7974761267,71.237.128.200
945,Cross-group,Home,11.8907021866,81.0993646488,8.183.48.243
946,Implemented,Music,36.8359826985,90.1757266336,246.173.0.121
947,Optimized,Jewelery,30.9732962597,94.3830826604,152.132.159.111
948,Automated,Jewelery,10.0428183307,73.3919351661,216.253.236.254
949,frame,Jewelery,15.7634444723,80.5007803727,248.48.233.89
950,analyzer,Industrial,25.4696398081,96.8803359395,218.250.144.36
951,Configurable,Grocery,14.6303515509,70.5743124366,190.99.237.39
952,system engine,Garden,23.3644528342,74.8412431373,77.44.226.20
953,Fundamental,Sports,27.0289136844,84.8614414915,178.165.97.112
954,interactive,Garden,18.3272481454,90.9377734746,130.128.174.14
955,web-enabled,Computers,11.4279601582,82.424900244,165.7.98.53
956,Down-sized,Electronics,34.845617403,89.7868055681,83.233.21.246
957,Streamlined,Outdoors,28.1400813768,96.0590997588,14.66.16.145
958,Cloned,Electronics,9.2103718572,95.2038063661,150.224.204.127
959,3rd generation,Clothing,34.3252829356,74.9910225294,63.51.131.177
960,methodology,Books,27.0731716648,86.3061592154,181.5.228.251
961,Multi-layered,Games,11.2548642858,83.2739426101,96.123.48.171
962,Triple-buffered,Shoes,17.4345587728,83.4454765315,208.127.206.107
963,Exclusive,Jewelery,22.099550799,95.9485020346,16.131.82.150
964,zero defect,Music,15.4335921995,83.3340437866,198.150.185.163
965,Optional,Outdoors,18.4185018772,93.9428333643,3.120.128.72
966,Devolved,Home,29.6603692569,84.3439181206,168.1.2.62
967,web-enabled,Sports,22.3286553865,72.7852931159,164.225.189.48
968,Open-architected,Baby,26.8388722279,83.2264476314,170.82.255.180
969,Optional,Baby,19.5898781215,81.5654725092,230.234.19.0
970,utilisation,Grocery,31.4782876434,85.4553255769,168.149.165.231
971,reciprocal,Kids,16.8924506158,82.5730288016,66.163.57.46
972,policy,Grocery,12.5199116158,83.3123836669,199.88.235.63
973,ability,Toys,31.5625248508,96.2513952238,215.106.143.190
974,human-resource,Home,22.275137166,81.7243000986,22.17.78.226
975,User-friendly,Music,9.5596855192,95.1182555167,223.166.205.42
976,hub,Electronics,25.8672597984,72.7712920722,64.65.221.4
977,tertiary,Shoes,27.7952842942,92.4581478752,186.2.237.216
978,contingency,Jewelery,9.6183440766,90.6101801719,205.180.209.166
979,frame,Jewelery,16.693760061,95.531998196,112.254.137.217
980,Object-based,Beauty,30.0572115267,68.8866216938,46.248.230.221
981,Distributed,Kids,25.7951105842,80.6092707851,107.60.126.135
982,project,Music,13.119673308,95.7017697648,123.184.115.116
983,knowledge base,Beauty,13.658593534,73.5118974545,15.182.17.112
984,encryption,Automotive,17.313242013,84.3132745695,55.245.198.148
985,background,Sports,26.3110193306,76.82370818,87.204.47.75
986,hierarchy,Sports,10.1628615312,74.364385013,41.175.254.246
987,client-server,Grocery,14.1598360308,70.1346492809,166.22.131.105
988,function,Baby,11.955685736,82.9686586228,147.196.144.120
989,discrete,Jewelery,21.352886989,96.6425274009,50.64.55.197
990,solution,Beauty,22.4328871587,94.4421686699,124.42.116.208
991,user-facing,Home,19.1920516482,83.3315778055,45.37.79.146
992,system engine,Clothing,13.351731296,74.6385135062,246.153.181.10
993,artificial intelligence,Automotive,12.6727801898,72.0308578978,48.236.107.82
994,Assimilated,Toys,23.4551235773,85.1615460649,35.246.51.155
995,time-frame,Grocery,21.8907949074,90.8359606218,5.255.237.239
996,Stand-alone,Kids,14.287688361,90.9639255968,159.127.160.106
997,hybrid,Electronics,13.313609967,75.2706022409,220.164.84.103
998,synergy,Kids,32.094665295,88.7086948093,232.217.247.174
999,scalable,Grocery,8.4514204358,97.1382364122,137.217.110.110
1000,Polarised,Computers,17.3259974165,71.3193152353,24.187.205.160
